epoch,lr,time,loss
0,0.0005,17:46:55,18.00432014465332
1,0.0005,17:46:56,17.882991790771484
2,0.0005,17:46:56,17.549755096435547
3,0.0005,17:46:56,17.456920623779297
4,0.0005,17:46:57,17.049007415771484
5,0.0005,17:46:57,16.95172882080078
6,0.0005,17:47:09,16.517587661743164
7,0.0005,17:47:09,16.494998931884766
8,0.0005,17:47:09,16.231050491333008
9,0.0005,17:47:10,15.906697273254395
